job_id,job_desciption
0,"We are looking for a developer with experience in Django, Python, Docker, Kubernetes, Flask."
1,"We are looking for a developer with experience in Node.js, GraphQL, Redis, React, PostgreSQL."
2,"We are looking for a developer with experience in TypeScript, Django, Docker, React, Redis."
3,"We are looking for a developer with experience in Express.js, Node.js, Kubernetes, Django, MongoDB."
4,"We are looking for a developer with experience in Kubernetes, AWS, Express.js, Python, Kafka."
5,"We are looking for a developer with experience in Redis, Express.js, React, TypeScript, Kafka."
6,"We are looking for a developer with experience in AWS, Next.js, Redis, TypeScript, Express.js."
7,"We are looking for a developer with experience in TypeScript, Next.js, Docker, Kafka, Django."
8,"We are looking for a developer with experience in MongoDB, Kafka, Node.js, TypeScript, Django."
9,"We are looking for a developer with experience in Kafka, Flask, MongoDB, Redis, Python."
10,"We are looking for a developer with experience in Docker, Node.js, Django, Kubernetes, TypeScript."
11,"We are looking for a developer with experience in Kafka, Django, TypeScript, Node.js, Redis."
12,"We are looking for a developer with experience in Node.js, Django, Python, MongoDB, Kubernetes."
13,"We are looking for a developer with experience in GraphQL, Docker, Next.js, MongoDB, TypeScript."
14,"We are looking for a developer with experience in Kubernetes, TypeScript, Next.js, Kafka, Express.js."
15,"We are looking for a developer with experience in Kubernetes, Kafka, MongoDB, Flask, PostgreSQL."
16,"We are looking for a developer with experience in PostgreSQL, Next.js, Docker, TypeScript, Flask."
17,"We are looking for a developer with experience in Redis, Express.js, Django, PostgreSQL, React."
18,"We are looking for a developer with experience in Python, Redis, Node.js, React, MongoDB."
19,"We are looking for a developer with experience in Kafka, Python, GraphQL, Docker, PostgreSQL."
20,"We are looking for a developer with experience in Kafka, Flask, Python, React, Node.js."
21,"We are looking for a developer with experience in Express.js, Kafka, Next.js, React, Python."
22,"We are looking for a developer with experience in Flask, Redis, MongoDB, Next.js, Kafka."
23,"We are looking for a developer with experience in Flask, AWS, TypeScript, Next.js, PostgreSQL."
24,"We are looking for a developer with experience in Node.js, Docker, Django, Flask, Express.js."
25,"We are looking for a developer with experience in GraphQL, Python, Express.js, TypeScript, Django."
26,"We are looking for a developer with experience in GraphQL, Flask, React, PostgreSQL, Docker."
27,"We are looking for a developer with experience in Docker, Node.js, PostgreSQL, TypeScript, Flask."
28,"We are looking for a developer with experience in MongoDB, AWS, React, Express.js, Next.js."
29,"We are looking for a developer with experience in Kafka, Flask, Next.js, Redis, GraphQL."
30,"We are looking for a developer with experience in MongoDB, GraphQL, Next.js, Django, Flask."
31,"We are looking for a developer with experience in PostgreSQL, Docker, GraphQL, Express.js, Next.js."
32,"We are looking for a developer with experience in Next.js, Flask, Node.js, PostgreSQL, React."
33,"We are looking for a developer with experience in Flask, TypeScript, AWS, Next.js, Kafka."
34,"We are looking for a developer with experience in Django, MongoDB, PostgreSQL, Next.js, React."
35,"We are looking for a developer with experience in Docker, Express.js, React, Redis, Next.js."
36,"We are looking for a developer with experience in Express.js, MongoDB, AWS, Docker, Django."
37,"We are looking for a developer with experience in Docker, MongoDB, Express.js, AWS, Python."
38,"We are looking for a developer with experience in MongoDB, React, PostgreSQL, Next.js, Express.js."
39,"We are looking for a developer with experience in TypeScript, Flask, Kafka, Next.js, Django."
40,"We are looking for a developer with experience in Node.js, Kafka, AWS, Flask, PostgreSQL."
41,"We are looking for a developer with experience in MongoDB, Redis, TypeScript, Docker, Django."
42,"We are looking for a developer with experience in PostgreSQL, Python, MongoDB, Redis, Django."
43,"We are looking for a developer with experience in Node.js, Docker, TypeScript, Python, Express.js."
44,"We are looking for a developer with experience in React, GraphQL, Express.js, Next.js, MongoDB."
45,"We are looking for a developer with experience in Python, Express.js, GraphQL, TypeScript, Redis."
46,"We are looking for a developer with experience in Express.js, TypeScript, Flask, Kubernetes, Redis."
47,"We are looking for a developer with experience in Kafka, React, Django, MongoDB, Flask."
48,"We are looking for a developer with experience in Django, Kubernetes, GraphQL, Python, Node.js."
49,"We are looking for a developer with experience in TypeScript, Flask, PostgreSQL, Django, Kafka."
50,"We are looking for a developer with experience in Kubernetes, Django, Redis, PostgreSQL, Next.js."
51,"We are looking for a developer with experience in AWS, GraphQL, Kubernetes, Kafka, Express.js."
52,"We are looking for a developer with experience in Kafka, MongoDB, React, Django, Node.js."
53,"We are looking for a developer with experience in Python, Kafka, Express.js, React, Node.js."
54,"We are looking for a developer with experience in Next.js, Redis, Flask, MongoDB, Express.js."
55,"We are looking for a developer with experience in Flask, Express.js, AWS, Redis, Next.js."
56,"We are looking for a developer with experience in Flask, Express.js, Kubernetes, Python, Docker."
57,"We are looking for a developer with experience in GraphQL, Flask, Python, Django, TypeScript."
58,"We are looking for a developer with experience in Node.js, AWS, Next.js, Kubernetes, Redis."
59,"We are looking for a developer with experience in Express.js, Django, Kafka, Docker, Python."
60,"We are looking for a developer with experience in Redis, Kubernetes, Django, Next.js, Kafka."
61,"We are looking for a developer with experience in PostgreSQL, Next.js, Kubernetes, MongoDB, Flask."
62,"We are looking for a developer with experience in TypeScript, Flask, MongoDB, Docker, Next.js."
63,"We are looking for a developer with experience in Next.js, GraphQL, Express.js, TypeScript, Flask."
64,"We are looking for a developer with experience in Docker, Next.js, Node.js, PostgreSQL, Django."
65,"We are looking for a developer with experience in Kafka, Next.js, PostgreSQL, Python, MongoDB."
66,"We are looking for a developer with experience in Kafka, Node.js, Kubernetes, AWS, React."
67,"We are looking for a developer with experience in GraphQL, Redis, MongoDB, Kubernetes, Express.js."
68,"We are looking for a developer with experience in AWS, React, Docker, Next.js, Express.js."
69,"We are looking for a developer with experience in Kafka, React, AWS, Django, Flask."
70,"We are looking for a developer with experience in MongoDB, Django, AWS, Kafka, TypeScript."
71,"We are looking for a developer with experience in AWS, Express.js, Kubernetes, Flask, Django."
72,"We are looking for a developer with experience in Node.js, Kafka, GraphQL, Python, Docker."
73,"We are looking for a developer with experience in TypeScript, Redis, React, Flask, Node.js."
74,"We are looking for a developer with experience in Node.js, GraphQL, Next.js, Docker, TypeScript."
75,"We are looking for a developer with experience in Django, Express.js, Kafka, Kubernetes, React."
76,"We are looking for a developer with experience in MongoDB, Django, Kubernetes, Next.js, TypeScript."
77,"We are looking for a developer with experience in Kubernetes, Django, AWS, Kafka, TypeScript."
78,"We are looking for a developer with experience in Kafka, AWS, Python, Docker, Express.js."
79,"We are looking for a developer with experience in Express.js, Kafka, TypeScript, Django, GraphQL."
80,"We are looking for a developer with experience in Python, Node.js, Django, MongoDB, Kafka."
81,"We are looking for a developer with experience in Docker, React, MongoDB, Node.js, AWS."
82,"We are looking for a developer with experience in Django, Kafka, Express.js, Next.js, Python."
83,"We are looking for a developer with experience in GraphQL, Node.js, React, AWS, Django."
84,"We are looking for a developer with experience in Django, React, Python, Flask, MongoDB."
85,"We are looking for a developer with experience in Kubernetes, Django, Redis, Flask, Python."
86,"We are looking for a developer with experience in TypeScript, React, AWS, GraphQL, Express.js."
87,"We are looking for a developer with experience in Next.js, Redis, Kubernetes, Kafka, Node.js."
88,"We are looking for a developer with experience in Express.js, Kafka, MongoDB, TypeScript, Kubernetes."
89,"We are looking for a developer with experience in TypeScript, Kubernetes, Redis, GraphQL, Node.js."
90,"We are looking for a developer with experience in Django, React, Kafka, MongoDB, AWS."
91,"We are looking for a developer with experience in React, MongoDB, PostgreSQL, Kubernetes, Kafka."
92,"We are looking for a developer with experience in Express.js, Kubernetes, Python, Next.js, Docker."
93,"We are looking for a developer with experience in Redis, MongoDB, AWS, Docker, Kubernetes."
94,"We are looking for a developer with experience in GraphQL, MongoDB, Docker, AWS, Kubernetes."
95,"We are looking for a developer with experience in Node.js, TypeScript, AWS, Kafka, Next.js."
96,"We are looking for a developer with experience in Redis, React, Express.js, AWS, Docker."
97,"We are looking for a developer with experience in Node.js, React, AWS, Kafka, Docker."
98,"We are looking for a developer with experience in PostgreSQL, Django, Docker, Kubernetes, Express.js."
99,"We are looking for a developer with experience in Kafka, Redis, Python, TypeScript, Node.js."
100,"We are looking for a developer with experience in Django, PostgreSQL, AWS, Express.js, GraphQL."
101,"We are looking for a developer with experience in Docker, Express.js, Next.js, Django, AWS."
102,"We are looking for a developer with experience in AWS, Flask, GraphQL, Django, Kubernetes."
103,"We are looking for a developer with experience in Flask, Next.js, AWS, GraphQL, MongoDB."
104,"We are looking for a developer with experience in TypeScript, Kafka, AWS, Express.js, Next.js."
105,"We are looking for a developer with experience in Node.js, TypeScript, AWS, Next.js, Docker."
106,"We are looking for a developer with experience in Express.js, GraphQL, Node.js, Next.js, Kubernetes."
107,"We are looking for a developer with experience in Python, TypeScript, Express.js, Kubernetes, MongoDB."
108,"We are looking for a developer with experience in Node.js, Kubernetes, TypeScript, MongoDB, PostgreSQL."
109,"We are looking for a developer with experience in Next.js, Kafka, Python, Kubernetes, React."
110,"We are looking for a developer with experience in MongoDB, Node.js, Flask, PostgreSQL, Kafka."
111,"We are looking for a developer with experience in Docker, Kafka, Next.js, Django, AWS."
112,"We are looking for a developer with experience in AWS, GraphQL, PostgreSQL, Next.js, Docker."
113,"We are looking for a developer with experience in GraphQL, Node.js, Flask, Next.js, Docker."
114,"We are looking for a developer with experience in AWS, Flask, Redis, Express.js, Python."
115,"We are looking for a developer with experience in MongoDB, Next.js, Django, AWS, Python."
116,"We are looking for a developer with experience in Docker, TypeScript, Next.js, Kafka, GraphQL."
117,"We are looking for a developer with experience in Python, Django, Redis, AWS, React."
118,"We are looking for a developer with experience in GraphQL, Docker, React, TypeScript, AWS."
119,"We are looking for a developer with experience in Node.js, Docker, Express.js, Next.js, React."
120,"We are looking for a developer with experience in PostgreSQL, Express.js, Python, Kafka, Node.js."
121,"We are looking for a developer with experience in Kubernetes, Redis, Python, Flask, React."
122,"We are looking for a developer with experience in Express.js, MongoDB, Kafka, AWS, GraphQL."
123,"We are looking for a developer with experience in Express.js, PostgreSQL, TypeScript, MongoDB, Kubernetes."
124,"We are looking for a developer with experience in Redis, GraphQL, Kafka, Node.js, Express.js."
125,"We are looking for a developer with experience in Kubernetes, Django, Python, Flask, MongoDB."
126,"We are looking for a developer with experience in Kafka, PostgreSQL, Python, React, Django."
127,"We are looking for a developer with experience in AWS, Kafka, Node.js, GraphQL, Express.js."
128,"We are looking for a developer with experience in MongoDB, Kubernetes, AWS, React, Python."
129,"We are looking for a developer with experience in Node.js, GraphQL, Django, Express.js, AWS."
130,"We are looking for a developer with experience in MongoDB, React, GraphQL, TypeScript, Redis."
131,"We are looking for a developer with experience in Kafka, MongoDB, React, TypeScript, Express.js."
132,"We are looking for a developer with experience in Django, React, Express.js, Next.js, Redis."
133,"We are looking for a developer with experience in TypeScript, Next.js, Django, React, PostgreSQL."
134,"We are looking for a developer with experience in Python, Node.js, Redis, Django, Kubernetes."
135,"We are looking for a developer with experience in Express.js, Python, Django, Node.js, Kafka."
136,"We are looking for a developer with experience in AWS, Express.js, Django, Node.js, MongoDB."
137,"We are looking for a developer with experience in Flask, PostgreSQL, Next.js, Node.js, Python."
138,"We are looking for a developer with experience in Flask, Python, Kafka, PostgreSQL, TypeScript."
139,"We are looking for a developer with experience in React, Node.js, AWS, Python, Kafka."
140,"We are looking for a developer with experience in Next.js, TypeScript, AWS, React, Express.js."
141,"We are looking for a developer with experience in Express.js, Node.js, TypeScript, Docker, AWS."
142,"We are looking for a developer with experience in Express.js, Node.js, AWS, Redis, PostgreSQL."
143,"We are looking for a developer with experience in Redis, GraphQL, Django, Python, MongoDB."
144,"We are looking for a developer with experience in PostgreSQL, Express.js, MongoDB, Kubernetes, React."
145,"We are looking for a developer with experience in Docker, Redis, AWS, Kafka, Kubernetes."
146,"We are looking for a developer with experience in Express.js, PostgreSQL, AWS, Next.js, Kubernetes."
147,"We are looking for a developer with experience in Redis, MongoDB, Kubernetes, React, Next.js."
148,"We are looking for a developer with experience in React, Node.js, AWS, Kubernetes, Docker."
149,"We are looking for a developer with experience in Next.js, Kafka, Express.js, PostgreSQL, Redis."
150,"We are looking for a developer with experience in AWS, Flask, React, Python, Kubernetes."
151,"We are looking for a developer with experience in Redis, Python, TypeScript, MongoDB, Express.js."
152,"We are looking for a developer with experience in React, Django, GraphQL, Redis, Next.js."
153,"We are looking for a developer with experience in MongoDB, Next.js, AWS, Express.js, React."
154,"We are looking for a developer with experience in AWS, Python, React, Redis, GraphQL."
155,"We are looking for a developer with experience in Node.js, Django, AWS, Next.js, Docker."
156,"We are looking for a developer with experience in Node.js, Django, MongoDB, Kubernetes, Next.js."
157,"We are looking for a developer with experience in MongoDB, Python, Redis, PostgreSQL, Kafka."
158,"We are looking for a developer with experience in Python, Express.js, React, Redis, Kafka."
159,"We are looking for a developer with experience in Django, React, TypeScript, AWS, Next.js."
160,"We are looking for a developer with experience in Kafka, Docker, GraphQL, Express.js, PostgreSQL."
161,"We are looking for a developer with experience in Docker, Express.js, GraphQL, Python, Redis."
162,"We are looking for a developer with experience in TypeScript, Flask, React, Node.js, GraphQL."
163,"We are looking for a developer with experience in Kafka, Flask, Python, Express.js, AWS."
164,"We are looking for a developer with experience in MongoDB, GraphQL, Express.js, Docker, React."
165,"We are looking for a developer with experience in PostgreSQL, React, TypeScript, Next.js, Python."
166,"We are looking for a developer with experience in TypeScript, Docker, GraphQL, Flask, Kafka."
167,"We are looking for a developer with experience in React, MongoDB, Kubernetes, Kafka, Next.js."
168,"We are looking for a developer with experience in Next.js, Kafka, TypeScript, Express.js, GraphQL."
169,"We are looking for a developer with experience in TypeScript, Redis, Docker, Next.js, Python."
170,"We are looking for a developer with experience in MongoDB, Express.js, Next.js, Docker, Flask."
171,"We are looking for a developer with experience in Redis, Express.js, Next.js, GraphQL, Django."
172,"We are looking for a developer with experience in Django, GraphQL, React, AWS, Flask."
173,"We are looking for a developer with experience in Django, Kafka, MongoDB, React, TypeScript."
174,"We are looking for a developer with experience in MongoDB, Python, Docker, Flask, Kubernetes."
175,"We are looking for a developer with experience in Docker, Python, Kafka, Flask, Kubernetes."
176,"We are looking for a developer with experience in GraphQL, Python, Kafka, Express.js, Next.js."
177,"We are looking for a developer with experience in PostgreSQL, TypeScript, Docker, Kubernetes, Node.js."
178,"We are looking for a developer with experience in TypeScript, Node.js, Express.js, Flask, React."
179,"We are looking for a developer with experience in Docker, React, Django, Express.js, MongoDB."
180,"We are looking for a developer with experience in Node.js, Django, MongoDB, Next.js, React."
181,"We are looking for a developer with experience in AWS, MongoDB, Django, Docker, TypeScript."
182,"We are looking for a developer with experience in Docker, MongoDB, TypeScript, PostgreSQL, React."
183,"We are looking for a developer with experience in Express.js, Flask, Django, Kafka, Python."
184,"We are looking for a developer with experience in Express.js, Flask, TypeScript, Django, Docker."
185,"We are looking for a developer with experience in Kubernetes, TypeScript, Flask, Python, Express.js."
186,"We are looking for a developer with experience in React, TypeScript, Express.js, AWS, Redis."
187,"We are looking for a developer with experience in TypeScript, Kubernetes, Docker, PostgreSQL, Django."
188,"We are looking for a developer with experience in PostgreSQL, GraphQL, Node.js, Kubernetes, Next.js."
189,"We are looking for a developer with experience in PostgreSQL, Flask, AWS, Django, Express.js."
190,"We are looking for a developer with experience in GraphQL, AWS, Express.js, Python, Flask."
191,"We are looking for a developer with experience in PostgreSQL, Kafka, React, Python, AWS."
192,"We are looking for a developer with experience in Django, Next.js, Flask, React, Kafka."
193,"We are looking for a developer with experience in Kubernetes, Next.js, Redis, PostgreSQL, React."
194,"We are looking for a developer with experience in GraphQL, AWS, PostgreSQL, Flask, Redis."
195,"We are looking for a developer with experience in PostgreSQL, Flask, TypeScript, Node.js, Redis."
196,"We are looking for a developer with experience in TypeScript, Node.js, React, Flask, Kubernetes."
197,"We are looking for a developer with experience in TypeScript, Python, React, Kubernetes, Next.js."
198,"We are looking for a developer with experience in AWS, Node.js, Express.js, Docker, MongoDB."
199,"We are looking for a developer with experience in Docker, Flask, AWS, Next.js, TypeScript."
